Chr,Loci 1,0.207433571
Chr,Loci 2,0.668009635
Chr,Loci 3,0.708707376
Chr,Loci 4,0.533413133
Chr,Loci 5,0.074369848
Chr,Loci 6,0.08877875
Chr,Loci 7,0.051602805
Chr,Loci 8,0.07104458
Chr,Loci 9,0.965930086
Chr,Loci 10,0.44105693
Chr,Loci 11,0.893099493
Chr,Loci 12,0.894682112
Chr,Loci 13,0.059901925
Chr,Loci 14,0.113274834
Chr,Loci 15,0.906529282
Chr,Loci 16,0.643797298
Chr,Jeff,1
Chr,Loci 18,0.901167557
Chr,Loci 19,0.971458003
Chr,Loci 20,0.645266616
Chr,Loci 21,0.013455493
Chr,Loci 22,0.221637221
Chr,Loci 23,0.731342877
Chr,Loci 24,0.037902691
Chr,Loci 25,0.279456564
Chr,Loci 26,0.984349866
Chr,Loci 27,0.098488065
Chr,Loci 28,0.609612542
Chr,Loci 29,0.898514853
Chr,Loci 30,0.200492966
Chr,Loci 31,0.056387592
Chr,Loci 32,0.157386402
Chr,Loci 33,0.246812311
Chr,Loci 34,0.605310576
Chr,Loci 35,0.029050776
Chr,Loci 36,0.195926519
Chr,Loci 37,0.307050807
Chr,Loci 38,0.034470077
Chr,Loci 39,0.464780329
Chr,Loci 40,0.306933797
Chr,Loci 41,0.860561044
Chr,Loci 42,0.361935825
Chr,Loci 43,0.061529077
Chr,Loci 44,0.763396135
Chr,Loci 45,0.495413265
Chr,Loci 46,0.924042742
Chr,Loci 47,0.566102775
Chr,Loci 48,0.319934413
Chr,Loci 49,0.166427971
Chr,Loci 50,0.972747044
Chr,Loci 51,0.985690116
Chr,Loci 52,0.898637674
Chr,Loci 53,0.07184774
Chr,Loci 54,0.456729866
Chr,Loci 55,0.364837083
Chr,Loci 56,0.690136073
Chr,Loci 57,0.033696801
Chr,Loci 58,0.235522082
Chr,Loci 59,0.061192731
Chr,Loci 60,0.019461466
Chr,Loci 61,0.148002752
Chr,Loci 62,0.485339249
Chr,Loci 63,0.01400245
Chr,Loci 64,0.439114293
Chr,Jeff 2,1
Chr,Loci 66,0.78005236
Chr,Loci 67,0.844147502
Chr,Loci 68,0.124794076
Chr,Loci 69,0.285005669
Chr,Loci 70,0.524017666
Chr,Loci 71,0.166431743
Chr,Loci 72,0.820256803
Chr,Loci 73,0.874842389
Chr,Loci 74,0.993778073
Chr,Loci 75,0.04995672
Chr,Loci 76,0.038080519
Chr,Loci 77,0.111839023
Chr,Loci 78,0.350834396
Chr,Loci 79,0.954463782
Chr,Loci 80,0.163923674
Chr,Loci 81,0.002660655
Chr,Loci 82,0.247797876
Chr,Loci 83,0.160183439
Chr,Loci 84,0.325512908
Chr,Loci 85,0.845214365
Chr,Loci 86,0.535783802
Chr,Loci 87,0.690895169
Chr,Jeff 3,0
Chr,Loci 89,0.317841407
Chr,Loci 90,0.055193998
Chr,Loci 91,0.421643174
Chr,Loci 92,0.395788411
Chr,Loci 93,0.085806709
Chr,Loci 94,0.551753274
Chr,Loci 95,0.926014606
Chr,Loci 96,0.247420093
Chr,Loci 97,0.281708466
Chr,Loci 98,0.429734405
Chr,Loci 99,0.012518355
Chr,Loci 100,0.275860436
Chr,Loci 101,0.840283772
Chr,Loci 102,0.8938863
Chr,Loci 103,0.301306317
Chr,Loci 104,0.12640596
Chr,Loci 105,0.96929657
Chr,Loci 106,0.672852111
Chr,Loci 107,0.714838615
Chr,Loci 108,0.201737155
Chr,Loci 109,0.992764179
Chr,Loci 110,0.075338897
Chr,Loci 111,0.823408694
Chr,Loci 112,0.789757289
Chr,Loci 113,0.309053065
Chr,Loci 114,0.850652553
Chr,Loci 115,0.257994205
Chr,Loci 116,0.420776694
Chr,Loci 117,0.850741077
Chr,Loci 118,0.521732106
Chr,Loci 119,0.957902905
Chr,Loci 120,0.23898597
Chr,Loci 121,0.98255685
Chr,Loci 122,0.348887772
Chr,Loci 123,0.152156328
Chr,Loci 124,0.602380016
Chr,Loci 125,0.036622251
Chr,Loci 126,0.219495694
Chr,Loci 127,0.26496919
Chr,Loci 128,0.912044321
Chr,Loci 129,0.545896576
Chr,Loci 130,0.214813151
Chr,Loci 131,0.673816225
Chr,Loci 132,0.363946012
Chr,Loci 133,0.650483691
Chr,Loci 134,0.487810414
Chr,Loci 135,0.502797839
Chr,Loci 136,0.445613914
Chr,Loci 137,0.142818819
Chr,Loci 138,0.95444248
Chr,Loci 139,0.559489983
Chr,Loci 140,0.301303749
Chr,Loci 141,0.818753767
Chr,Loci 142,0.782282735
Chr,Loci 143,0.150192732
Chr,Loci 144,0.16992773
Chr,Loci 145,0.820964467
Chr,Loci 146,0.542362626
Chr,Loci 147,0.559675715
Chr,Loci 148,0.144781904
Chr,Loci 149,0.635899633
Chr,Loci 150,0.071746247
Chr,Loci 151,0.381195592
Chr,Loci 152,0.128460418
Chr,Loci 153,0.727885643
Chr,Loci 154,0.237629146
Chr,Loci 155,0.241028759
Chr,Loci 156,0.818119297
Chr,Loci 157,0.344962728
Chr,Loci 158,0.723734122
Chr,Loci 159,0.037409727
Chr,Loci 160,0.173805027
Chr,Loci 161,0.65876968
Chr,Loci 162,0.976791315
Chr,Loci 163,0.181554103
Chr,Loci 164,0.488965674
Chr,Loci 165,0.114146077
Chr,Loci 166,0.938987172
Chr,Loci 167,0.04194631
Chr,Loci 168,0.665612274
Chr,Loci 169,0.557570362
Chr,Loci 170,0.580798782
Chr,Loci 171,0.227730215
Chr,Loci 172,0.727857327
Chr,Loci 173,0.568463687
Chr,Loci 174,0.131959967
Chr,Loci 175,0.73367399
Chr,Loci 176,0.008632343
Chr,Loci 177,0.927635734
Chr,Loci 178,0.722106221
Chr,Loci 179,0.707626792
Chr,Loci 180,0.663007028
Chr,Loci 181,0.149823693
Chr,Loci 182,0.643686807
Chr,Loci 183,0.614064554
Chr,Loci 184,0.548534225
Chr,Loci 185,0.823653099
Chr,Loci 186,0.011202384
Chr,Loci 187,0.585321027
Chr,Loci 188,0.703275107
Chr,Loci 189,0.888074189
Chr,Loci 190,0.201721085
Chr,Loci 191,0.934797773
Chr,Loci 192,0.366770824
Chr,Loci 193,0.881139001
Chr,Loci 194,0.978025481
Chr,Loci 195,0.187323602
Chr,Loci 196,0.73463641
Chr,Loci 197,0.287295133
Chr,Loci 198,0.202659642
Chr,Loci 199,0.313775388
Chr,Loci 200,0.269603376
Chr,Loci 201,0.6707646
Chr,Loci 202,0.332410485
Chr,Loci 203,0.544177833
Chr,Loci 204,0.012422744
Chr,Loci 205,0.982673766
Chr,Loci 206,0.716224925
Chr,Loci 207,0.85764884
Chr,Loci 208,0.167807705
Chr,Loci 209,0.625244302
Chr,Loci 210,0.92546307
Chr,Loci 211,0.942076599
Chr,Loci 212,0.100697784
Chr,Loci 213,0.463562672
Chr,Loci 214,0.415555824
Chr,Loci 215,0.283705698
Chr,Loci 216,0.038523874
Chr,Loci 217,0.332546386
Chr,Loci 218,0.313614675
Chr,Loci 219,0.436741975
Chr,Loci 220,0.196100545
Chr,Loci 221,0.927323101
Chr,Loci 222,0.474027566
Chr,Loci 223,0.429002532
Chr,Loci 224,0.463214546
Chr,Loci 225,0.357047947
Chr,Loci 226,0.360927458
Chr,Loci 227,0.007314957
Chr,Loci 228,0.52077533
Chr,Loci 229,0.810347451
Chr,Loci 230,0.905191724
Chr,Loci 231,0.094717826
Chr,Loci 232,0.204908528
Chr,Loci 233,0.530049146
Chr,Loci 234,0.306750616
Chr,Loci 235,0.477513458
Chr,Loci 236,0.897134715
Chr,Loci 237,0.370157373
Chr,Loci 238,0.700033613
Chr,Loci 239,0.084881924
Chr,Loci 240,0.921166121
Chr,Loci 241,0.488757704
Chr,Loci 242,0.965602472
Chr,Loci 243,0.557604019
Chr,Loci 244,0.322011572
Chr,Loci 245,0.214217421
Chr,Loci 246,0.647080473
Chr,Loci 247,0.141746432
Chr,Loci 248,0.740748232
Chr,Loci 249,0.239349995
Chr,Loci 250,0.968672525
Chr,Loci 251,0.319164321
Chr,Loci 252,0.181935172
Chr,Loci 253,0.710757898
Chr,Loci 254,0.313541817
Chr,Loci 255,0.527026047
Chr,Loci 256,0.725079028
Chr,Loci 257,0.366991829
Chr,Loci 258,0.50597682
Chr,Loci 259,0.782568884
Chr,Loci 260,0.565349455
Chr,Loci 261,0.040378173
Chr,Loci 262,0.294337549
Chr,Loci 263,0.595607738
Chr,Loci 264,0.405042357
Chr,Loci 265,0.773406741
Chr,Loci 266,0.009514131
Chr,Loci 267,0.663934963
Chr,Loci 268,0.962574033
Chr,Loci 269,0.668790705
Chr,Loci 270,0.711720707
Chr,Loci 271,0.142193126
Chr,Loci 272,0.994902841
Chr,Loci 273,0.522315192
Chr,Loci 274,0.495416036
Chr,Loci 275,0.375075302
Chr,Loci 276,0.001705405
Chr,Loci 277,0.976976925
Chr,Loci 278,0.032350274
Chr,Loci 279,0.357875188
Chr,Loci 280,0.67582242
Chr,Loci 281,0.606246737
Chr,Loci 282,0.887916687
Chr,Loci 283,0.629123916
Chr,Loci 284,0.029885011
Chr,Loci 285,0.352219844
Chr,Loci 286,0.830861309
Chr,Loci 287,0.757199388
Chr,Loci 288,0.988201077
Chr,Loci 289,0.349888021
Chr,Loci 290,0.567677257
Chr,Loci 291,0.575161552
Chr,Loci 292,0.263306324
Chr,Loci 293,0.32322362
Chr,Loci 294,0.158074064
Chr,Loci 295,0.716729092
Chr,Loci 296,0.377954435
Chr,Loci 297,0.177358974
Chr,Loci 298,0.189566372
Chr,Loci 299,0.894359419
Chr,Loci 300,0.366898153
Chr,Loci 301,0.039120681
Chr,Loci 302,0.84729893
Chr,Loci 303,0.430062423
Chr,Loci 304,0.777220671
Chr,Loci 305,0.319191432
Chr,Loci 306,0.767439276
Chr,Loci 307,0.170551436
Chr,Loci 308,0.635968555
Chr,Loci 309,0.569173931
Chr,Loci 310,0.029439774
Chr,Loci 311,0.95705416
Chr,Loci 312,0.028426341
Chr,Loci 313,0.433531889
Chr,Loci 314,0.185414782
Chr,Loci 315,0.79349741
Chr,Loci 316,0.861409515
Chr,Loci 317,0.80557648
Chr,Loci 318,0.655163838
Chr,Loci 319,0.109231798
Chr,Loci 320,0.96368043
Chr,Loci 321,0.140639758
Chr,Loci 322,0.134024799
Chr,Loci 323,0.092845056
Chr,Loci 324,0.325391964
Chr,Loci 325,0.36648303
Chr,Loci 326,0.230180707
Chr,Loci 327,0.432408533
Chr,Loci 328,0.426592176
Chr,Loci 329,0.095493926
Chr,Loci 330,0.765061146
Chr,Loci 331,0.457224637
Chr,Loci 332,0.552026111
Chr,Loci 333,0.33954013
Chr,Loci 334,0.224915203
Chr,Loci 335,0.133530317
Chr,Loci 336,0.749039164
Chr,Loci 337,0.442307943
Chr,Loci 338,0.018173903
Chr,Loci 339,0.123857637
Chr,Loci 340,0.774581269
Chr,Loci 341,0.293261009
Chr,Loci 342,0.397571376
Chr,Loci 343,0.359535103
Chr,Loci 344,0.15263248
Chr,Loci 345,0.480540925
Chr,Loci 346,0.204854026
Chr,Loci 347,0.158021093
Chr,Loci 348,0.162196651
Chr,Loci 349,0.21698516
Chr,Loci 350,0.581855473
Chr,Loci 351,0.948269549
Chr,Loci 352,0.812638866
Chr,Loci 353,0.217168321
Chr,Loci 354,0.496405574
Chr,Loci 355,0.726691197
Chr,Loci 356,0.947393065
Chr,Loci 357,0.693153484
Chr,Loci 358,0.020421782
Chr,Loci 359,0.233993891
Chr,Loci 360,0.458674569
Chr,Loci 361,0.383266914
Chr,Loci 362,0.101979027
Chr,Loci 363,0.23984903
Chr,Loci 364,0.900666238
Chr,Loci 365,0.888012965
Chr,Loci 366,0.924776874
Chr,Loci 367,0.926239832
Chr,Loci 368,0.111734672
Chr,Loci 369,0.544980666
Chr,Loci 370,0.781456476
Chr,Loci 371,0.671582708
Chr,Loci 372,0.968745635
Chr,Loci 373,0.653932534
Chr,Loci 374,0.514049387
Chr,Loci 375,0.30979662
Chr,Loci 376,0.141977641
Chr,Loci 377,0.298964749
Chr,Loci 378,0.550034378
Chr,Loci 379,0.890881796
Chr,Loci 380,0.917986843
Chr,Loci 381,0.659039812
Chr,Loci 382,0.153756058
Chr,Loci 383,0.666659333
Chr,Loci 384,0.129772026
Chr,Loci 385,0.070468244
Chr,Loci 386,0.976375905
Chr,Loci 387,0.68485252
Chr,Loci 388,0.809608933
Chr,Loci 389,0.550034799
Chr,Loci 390,0.005620494
Chr,Loci 391,0.237667486
Chr,Loci 392,0.417593774
Chr,Loci 393,0.719730877
Chr,Loci 394,0.500242206
Chr,Loci 395,0.160632944
Chr,Loci 396,0.267639966
Chr,Loci 397,0.815199821
Chr,Loci 398,0.515811128
Chr,Loci 399,0.628566952
Chr,Loci 400,0.415868012
Chr,Loci 401,0.793778931
Chr,Loci 402,0.615089572
Chr,Loci 403,0.292673393
Chr,Loci 404,0.805677605
Chr,Loci 405,0.028358056
Chr,Loci 406,0.638800227
Chr,Loci 407,0.702036264
Chr,Loci 408,0.224698206
Chr,Loci 409,0.143113445
Chr,Loci 410,0.36589131
Chr,Loci 411,0.288487467
Chr,Loci 412,0.538703011
Chr,Loci 413,0.507982115
Chr,Loci 414,0.055977284
Chr,Loci 415,0.153422103
Chr,Loci 416,0.820890582
Chr,Loci 417,0.066672224
Chr,Loci 418,0.075667424
Chr,Loci 419,0.971129533
Chr,Loci 420,0.86105301
Chr,Loci 421,0.758916382
Chr,Loci 422,0.5257816
Chr,Loci 423,0.703181929
Chr,Loci 424,0.135809765
Chr,Loci 425,0.019626061
Chr,Loci 426,0.638936464
Chr,Loci 427,0.629853899
Chr,Loci 428,0.586925375
Chr,Loci 429,0.346944914
Chr,Loci 430,0.419891822
Chr,Loci 431,0.748966838
Chr,Loci 432,0.873125134
Chr,Loci 433,0.625680344
Chr,Loci 434,0.354793988
Chr,Loci 435,0.345796928
Chr,Loci 436,0.088762016
Chr,Loci 437,0.927924678
Chr,Loci 438,0.498132015
Chr,Loci 439,0.912800525
Chr,Loci 440,0.612904629
Chr,Loci 441,0.613820784
Chr,Loci 442,0.473116099
Chr,Loci 443,0.473178325
Chr,Loci 444,0.722003634
Chr,Loci 445,0.376822671
Chr,Loci 446,0.235812289
Chr,Loci 447,0.208748898
Chr,Loci 448,0.182082787
Chr,Loci 449,0.312222007
Chr,Loci 450,0.034052185
Chr,Loci 451,0.802608685
Chr,Loci 452,0.683615416
Chr,Loci 453,0.61018658
Chr,Loci 454,0.631130258
Chr,Loci 455,0.674039796
Chr,Loci 456,0.726731443
Chr,Loci 457,0.438484348
Chr,Loci 458,0.637099623
Chr,Loci 459,0.351010093
Chr,Loci 460,0.214107533
Chr,Loci 461,0.698488644
Chr,Loci 462,0.364949217
Chr,Loci 463,0.340663327
Chr,Loci 464,0.563780512
Chr,Loci 465,0.812184686
Chr,Loci 466,0.869566537
Chr,Loci 467,0.412744775
Chr,Loci 468,0.682337776
Chr,Loci 469,0.263991875
Chr,Loci 470,0.955898566
Chr,Loci 471,0.72482582
Chr,Loci 472,0.21691839
Chr,Loci 473,0.137945593
Chr,Loci 474,0.943540905
Chr,Loci 475,0.188311103
Chr,Loci 476,0.315514669
Chr,Loci 477,0.17492299
Chr,Loci 478,0.880956402
Chr,Loci 479,0.880453213
Chr,Loci 480,0.967970136
Chr,Loci 481,0.172407481
Chr,Loci 482,0.808335508
Chr,Loci 483,0.930040269
Chr,Loci 484,0.145336961
Chr,Loci 485,0.834485454
Chr,Loci 486,0.487912285
Chr,Loci 487,0.257449712
Chr,Loci 488,0.298277304
Chr,Loci 489,0.549792913
Chr,Loci 490,0.98804181
Chr,Loci 491,0.169007577
Chr,Loci 492,0.668640505
Chr,Loci 493,0.233428882
Chr,Loci 494,0.807600198
Chr,Loci 495,0.046671572
Chr,Loci 496,0.058325974
Chr,Loci 497,0.319703585
Chr,Loci 498,0.009088659
Chr,Loci 499,0.159684288
Chr,Loci 500,0.499854032
Chr,Loci 501,0.439248849
Chr,Loci 502,0.839350275
Chr,Loci 503,0.188221362
Chr,Loci 504,0.732409598
Chr,Loci 505,0.775730769
Chr,Loci 506,0.159762321
Chr,Loci 507,0.610849745
Chr,Loci 508,0.190805624
Chr,Loci 509,0.254419946
Chr,Loci 510,0.065842293
Chr,Loci 511,0.393672246
Chr,Loci 512,0.18931734
Chr,Loci 513,0.504742052
Chr,Loci 514,0.03005647
Chr,Loci 515,0.187904956
Chr,Loci 516,0.605797367
Chr,Loci 517,0.553037708
Chr,Loci 518,0.202334318
Chr,Loci 519,0.55032438
Chr,Loci 520,0.469809832
Chr,Loci 521,0.379417606
Chr,Loci 522,0.799602817
Chr,Loci 523,0.68772355
Chr,Loci 524,0.759846956
Chr,Loci 525,0.526608947
Chr,Loci 526,0.710731077
Chr,Loci 527,0.494230126
Chr,Loci 528,0.246006204
Chr,Loci 529,0.286027817
Chr,Loci 530,0.969732121
Chr,Loci 531,0.624000378
Chr,Loci 532,0.685400191
Chr,Loci 533,0.664140486
Chr,Loci 534,0.223649952
Chr,Loci 535,0.334288795
Chr,Loci 536,0.806565237
Chr,Loci 537,0.792892066
Chr,Loci 538,0.163796748
Chr,Loci 539,0.2262649
Chr,Loci 540,0.014504758
Chr,Loci 541,0.180199788
Chr,Loci 542,0.681376897
Chr,Loci 543,0.838713726
Chr,Loci 544,0.262236139
Chr,Loci 545,0.881790279
Chr,Loci 546,0.934812841
Chr,Loci 547,0.974969706
Chr,Loci 548,0.386787154
Chr,Loci 549,0.543509817
Chr,Loci 550,0.026010725
Chr,Loci 551,0.29120725
Chr,Loci 552,0.293273308
Chr,Loci 553,0.965980251
Chr,Loci 554,0.659073366
Chr,Loci 555,0.830200011
Chr,Loci 556,0.79557218
Chr,Loci 557,0.807437885
Chr,Loci 558,0.673040945
Chr,Loci 559,0.079762133
Chr,Loci 560,0.963315253
Chr,Loci 561,0.86604826
Chr,Loci 562,0.381454931
Chr,Loci 563,0.774090365
Chr,Loci 564,0.73233886
Chr,Loci 565,0.120764256
Chr,Loci 566,0.528709362
Chr,Loci 567,0.677224552
Chr,Loci 568,0.482457195
Chr,Loci 569,0.357281617
Chr,Loci 570,0.151708527
Chr,Loci 571,0.055608373
Chr,Loci 572,0.190741233
Chr,Loci 573,0.394194864
Chr,Loci 574,0.6626445
Chr,Loci 575,0.416985196
Chr,Loci 576,0.275360905
Chr,Loci 577,0.950648699
Chr,Loci 578,0.625712589
Chr,Loci 579,0.358737633
Chr,Loci 580,0.932692086
Chr,Loci 581,0.443444895
Chr,Loci 582,0.870007977
Chr,Loci 583,0.785279718
Chr,Loci 584,0.534503969
Chr,Loci 585,0.466834638
Chr,Loci 586,0.801362566
Chr,Loci 587,0.344799446
Chr,Loci 588,0.545547619
Chr,Loci 589,0.640604616
Chr,Loci 590,0.162179022
Chr,Loci 591,0.942948331
Chr,Loci 592,0.972515859
Chr,Loci 593,0.498079141
Chr,Loci 594,0.328018527
Chr,Loci 595,0.924039368
Chr,Loci 596,0.105801975
Chr,Loci 597,0.746379739
Chr,Loci 598,0.198536869
Chr,Loci 599,0.305792489
Chr,Loci 600,0.585897699
Chr,Loci 601,0.87004023
Chr,Loci 602,0.92789349
Chr,Loci 603,0.602289426
Chr,Loci 604,0.184124237
Chr,Loci 605,0.914518143
Chr,Loci 606,0.674621262
Chr,Loci 607,0.950076884
Chr,Loci 608,0.058329497
Chr,Loci 609,0.105782335
Chr,Loci 610,0.118473809
Chr,Loci 611,0.532970015
Chr,Loci 612,0.789703587
Chr,Loci 613,0.404809256
Chr,Loci 614,0.239020249
Chr,Loci 615,0.182841161
Chr,Loci 616,0.862411582
Chr,Loci 617,0.439555487
Chr,Loci 618,0.383534254
Chr,Loci 619,0.235279712
Chr,Loci 620,0.435367986
Chr,Loci 621,0.846631027
Chr,Loci 622,0.801097781
Chr,Loci 623,0.090798917
Chr,Loci 624,0.098936956
Chr,Loci 625,0.001191795
Chr,Loci 626,0.374529964
Chr,Loci 627,0.881248913
Chr,Loci 628,0.879968036
Chr,Loci 629,0.741941719
Chr,Loci 630,0.120696116
Chr,Loci 631,0.702999614
Chr,Loci 632,0.997145054
Chr,Loci 633,0.965873757
Chr,Loci 634,0.619465511
Chr,Loci 635,0.509823111
Chr,Loci 636,0.349793009
Chr,Loci 637,0.614691401
Chr,Loci 638,0.440787199
Chr,Loci 639,0.195769992
Chr,Loci 640,0.740204165
Chr,Loci 641,0.814152867
Chr,Loci 642,0.928875398
Chr,Loci 643,0.288211096
Chr,Loci 644,0.783775854
Chr,Loci 645,0.623095646
Chr,Loci 646,0.024295096
Chr,Loci 647,0.430366399
Chr,Loci 648,0.678705379
Chr,Loci 649,0.861080542
Chr,Loci 650,0.530408262
Chr,Loci 651,0.84428336
Chr,Loci 652,0.283336978
Chr,Loci 653,0.871049
Chr,Loci 654,0.59836836
Chr,Loci 655,0.344704617
Chr,Loci 656,0.690480804
Chr,Loci 657,0.193990503
Chr,Loci 658,0.419970045
Chr,Loci 659,0.290771883
Chr,Loci 660,0.933567184
Chr,Loci 661,0.485791866
Chr,Loci 662,0.595442744
Chr,Loci 663,0.39960569
Chr,Loci 664,0.243663203
Chr,Loci 665,0.717760451
Chr,Loci 666,0.356610917
Chr,Loci 667,0.627712998
Chr,Loci 668,0.928145726
Chr,Loci 669,0.340209757
Chr,Loci 670,0.566759
Chr,Loci 671,0.593185031
Chr,Loci 672,0.886853658
Chr,Loci 673,0.746711558
Chr,Loci 674,0.99939037
Chr,Loci 675,0.781462403
Chr,Loci 676,0.884869941
Chr,Loci 677,0.564768455
Chr,Loci 678,0.543743935
Chr,Loci 679,0.508026767
Chr,Loci 680,0.627353821
Chr,Loci 681,0.100587949
Chr,Loci 682,0.738265779
Chr,Loci 683,0.55600347
Chr,Loci 684,0.534923482
Chr,Loci 685,0.693165236
Chr,Loci 686,0.290031174
Chr,Loci 687,0.616408755
Chr,Loci 688,0.773316872
Chr,Loci 689,0.568359436
Chr,Loci 690,0.911777131
Chr,Loci 691,0.191608939
Chr,Loci 692,0.300938259
Chr,Loci 693,0.179748967
Chr,Loci 694,0.091772725
Chr,Loci 695,0.704246505
Chr,Loci 696,0.053457398
Chr,Loci 697,0.105899386
Chr,Loci 698,0.724769992
Chr,Loci 699,0.318044224
Chr,Loci 700,0.769549216
Chr,Loci 701,0.327320953
Chr,Loci 702,0.225726835
Chr,Loci 703,0.869641034
Chr,Loci 704,0.916718407
Chr,Loci 705,0.997769529
Chr,Loci 706,0.311852131
Chr,Loci 707,0.440592224
Chr,Loci 708,0.151062063
Chr,Loci 709,0.041032286
Chr,Loci 710,0.605585243
Chr,Loci 711,0.43308117
Chr,Loci 712,0.902849639
Chr,Loci 713,0.074697179
Chr,Loci 714,0.673223914
Chr,Loci 715,0.738932735
Chr,Loci 716,0.310051442
Chr,Loci 717,0.388370353
Chr,Loci 718,0.653012448
Chr,Loci 719,0.409374186
Chr,Loci 720,0.675400984
Chr,Loci 721,0.136837744
Chr,Loci 722,0.213559033
Chr,Loci 723,0.529154295
Chr,Loci 724,0.926498968
Chr,Loci 725,0.787639257
Chr,Loci 726,0.707575967
Chr,Loci 727,0.049585909
Chr,Loci 728,0.453681114
Chr,Loci 729,0.499763341
Chr,Loci 730,0.618097752
Chr,Loci 731,0.250295459
Chr,Loci 732,0.767894856
Chr,Loci 733,0.077612005
Chr,Loci 734,0.59119206
Chr,Loci 735,0.568668095
Chr,Loci 736,0.17712304
Chr,Loci 737,0.9019264
Chr,Loci 738,0.452568111
Chr,Loci 739,0.109290548
Chr,Loci 740,0.695161497
Chr,Loci 741,0.273288787
Chr,Loci 742,0.203746418
Chr,Loci 743,0.641481833
Chr,Loci 744,0.245530278
Chr,Loci 745,0.643717932
Chr,Loci 746,0.806705896
Chr,Loci 747,0.744934009
Chr,Loci 748,0.648878639
Chr,Loci 749,0.981263225
Chr,Loci 750,0.695765346
Chr,Loci 751,0.283370327
Chr,Loci 752,0.367913055
Chr,Loci 753,0.103214563
Chr,Loci 754,0.502296393
Chr,Loci 755,0.295375966
Chr,Loci 756,0.518317937
Chr,Loci 757,0.486893211
Chr,Loci 758,0.044040734
Chr,Loci 759,0.426039787
Chr,Loci 760,0.166848695
Chr,Loci 761,0.806287511
Chr,Loci 762,0.818353015
Chr,Loci 763,0.870995447
Chr,Loci 764,0.767624296
Chr,Loci 765,0.522249164
Chr,Loci 766,0.677994913
Chr,Loci 767,0.057258078
Chr,Loci 768,0.312648811
Chr,Loci 769,0.607493173
Chr,Loci 770,0.757767906
Chr,Loci 771,0.974120076
Chr,Loci 772,0.611183223
Chr,Loci 773,0.461278765
Chr,Loci 774,0.885301648
Chr,Loci 775,0.831182048
Chr,Loci 776,0.525268286
Chr,Loci 777,0.97001984
Chr,Loci 778,0.987596717
Chr,Loci 779,0.696731626
Chr,Loci 780,0.47692832
Chr,Loci 781,0.430911404
Chr,Loci 782,0.695454042
Chr,Loci 783,0.591161242
Chr,Loci 784,0.573975784
Chr,Loci 785,0.778632307
Chr,Loci 786,0.502607486
Chr,Loci 787,0.013942874
Chr,Loci 788,0.391327884
Chr,Loci 789,0.765061655
Chr,Loci 790,0.242309268
Chr,Loci 791,0.032889185
Chr,Loci 792,0.653829401
Chr,Loci 793,0.800765884
Chr,Loci 794,0.964312849
Chr,Loci 795,0.818201648
Chr,Loci 796,0.805325856
Chr,Loci 797,0.575794629
Chr,Loci 798,0.270865067
Chr,Loci 799,0.530908202
Chr,Loci 800,0.757205416
Chr,Loci 801,0.434129856
Chr,Loci 802,0.631447949
Chr,Loci 803,0.36808439
Chr,Loci 804,0.900195387
Chr,Loci 805,0.445548895
Chr,Loci 806,0.257401171
Chr,Loci 807,0.718990255
Chr,Loci 808,0.956073872
Chr,Loci 809,0.372426793
Chr,Loci 810,0.115394235
Chr,Loci 811,0.739666057
Chr,Loci 812,0.928664949
Chr,Loci 813,0.231540868
Chr,Loci 814,0.505965573
Chr,Loci 815,0.944441087
Chr,Loci 816,0.119940275
Chr,Loci 817,0.863669265
Chr,Loci 818,0.165297714
Chr,Loci 819,0.310862892
Chr,Loci 820,0.419074957
Chr,Loci 821,0.567651645
Chr,Loci 822,0.863781978
Chr,Loci 823,0.007353055
Chr,Loci 824,0.343190401
Chr,Loci 825,0.268368923
Chr,Loci 826,0.383087322
Chr,Loci 827,0.441866526
Chr,Loci 828,0.538222692
Chr,Loci 829,0.164347826
Chr,Loci 830,0.094641435
Chr,Loci 831,0.045427157
Chr,Loci 832,0.870813808
Chr,Loci 833,0.091890353
Chr,Loci 834,0.742354819
Chr,Loci 835,0.618962927
Chr,Loci 836,0.493480461
Chr,Loci 837,0.311706037
Chr,Loci 838,0.883002219
Chr,Loci 839,0.847636728
Chr,Loci 840,0.998137056
Chr,Loci 841,0.873909162
Chr,Loci 842,0.67668942
Chr,Loci 843,0.934924694
Chr,Loci 844,0.224783563
Chr,Loci 845,0.045866096
Chr,Loci 846,0.847809518
Chr,Loci 847,0.309382753
Chr,Loci 848,0.856548667
Chr,Loci 849,0.852979559
Chr,Loci 850,0.348408463
Chr,Loci 851,0.89944941
Chr,Loci 852,0.696464774
Chr,Loci 853,0.620287429
Chr,Loci 854,0.099539115
Chr,Loci 855,0.886992235
Chr,Loci 856,0.743279059
Chr,Loci 857,0.854843593
Chr,Loci 858,0.370064367
Chr,Loci 859,0.831444154
Chr,Loci 860,0.870456603
Chr,Loci 861,0.534633635
Chr,Loci 862,0.58628653
Chr,Loci 863,0.181782104
Chr,Loci 864,0.478930524
Chr,Loci 865,0.927038513
Chr,Loci 866,0.639616289
Chr,Loci 867,0.88735026
Chr,Loci 868,0.571461575
Chr,Loci 869,0.968998165
Chr,Loci 870,0.907990966
Chr,Loci 871,0.049786591
Chr,Loci 872,0.802911277
Chr,Loci 873,0.828306434
Chr,Loci 874,0.354075406
Chr,Loci 875,0.023349874
Chr,Loci 876,0.90925783
Chr,Loci 877,0.606050365
Chr,Loci 878,0.67716885
Chr,Loci 879,0.569615516
Chr,Loci 880,0.674095364
Chr,Loci 881,0.291014725
Chr,Loci 882,0.017730414
Chr,Loci 883,0.379355865
Chr,Loci 884,0.912401553
Chr,Loci 885,0.889751948
Chr,Loci 886,0.661272706
Chr,Loci 887,0.513166596
Chr,Loci 888,0.337613855
Chr,Loci 889,0.090129656
Chr,Loci 890,0.628674427
Chr,Loci 891,0.066494709
Chr,Loci 892,0.341541233
Chr,Loci 893,0.635121654
Chr,Loci 894,0.397319655
Chr,Loci 895,0.188432432
Chr,Loci 896,0.934922568
Chr,Loci 897,0.248153167
Chr,Loci 898,0.10318384
Chr,Loci 899,0.119190653
Chr,Loci 900,0.463731957
Chr,Loci 901,0.83308414
Chr,Loci 902,0.325487161
Chr,Loci 903,0.155835078
Chr,Loci 904,0.494268458
Chr,Loci 905,0.669418357
Chr,Loci 906,0.277566878
Chr,Loci 907,0.662338619
Chr,Loci 908,0.441396983
Chr,Loci 909,0.202120673
Chr,Loci 910,0.222112517
Chr,Loci 911,0.879917108
Chr,Loci 912,0.647770247
Chr,Loci 913,0.793780803
Chr,Loci 914,0.199510141
Chr,Loci 915,0.446152439
Chr,Loci 916,0.028915755
Chr,Loci 917,0.594484376
Chr,Loci 918,0.424242269
Chr,Loci 919,0.92348428
Chr,Loci 920,0.976480404
Chr,Loci 921,0.555680343
Chr,Loci 922,0.80685011
Chr,Loci 923,0.157809794
Chr,Loci 924,0.775760849
Chr,Loci 925,0.953345916
Chr,Loci 926,0.606527317
Chr,Loci 927,0.057225168
Chr,Loci 928,0.599123774
Chr,Loci 929,0.710023487
Chr,Loci 930,0.480614661
Chr,Loci 931,0.087146278
Chr,Loci 932,0.921187452
Chr,Loci 933,0.931638499
Chr,Loci 934,0.395254712
Chr,Loci 935,0.351400897
Chr,Loci 936,0.803203326
Chr,Loci 937,0.345316427
Chr,Loci 938,0.705850656
Chr,Loci 939,0.359453043
Chr,Loci 940,0.578242788
Chr,Loci 941,0.160687064
Chr,Loci 942,0.197614713
Chr,Loci 943,0.446498506
Chr,Loci 944,0.09701307
Chr,Loci 945,0.935161421
Chr,Loci 946,0.952635963
Chr,Loci 947,0.905913895
Chr,Loci 948,0.617494061
Chr,Loci 949,0.286586167
Chr,Loci 950,0.552709129
Chr,Loci 951,0.792698892
Chr,Loci 952,0.719195474
Chr,Loci 953,0.386886026
Chr,Loci 954,0.300999673
Chr,Loci 955,0.50213475
Chr,Loci 956,0.538145192
Chr,Loci 957,0.212768877
Chr,Loci 958,0.74236575
Chr,Loci 959,0.316223378
Chr,Loci 960,0.55530707
Chr,Loci 961,0.104484262
Chr,Loci 962,0.841129589
Chr,Loci 963,0.581936635
Chr,Loci 964,0.052750432
Chr,Loci 965,0.176120151
Chr,Loci 966,0.838197825
Chr,Loci 967,0.066882847
Chr,Loci 968,0.348786095
Chr,Loci 969,0.011016071
Chr,Loci 970,0.150375561
Chr,Loci 971,0.360422714
Chr,Loci 972,0.837315572
Chr,Loci 973,0.225712759
Chr,Loci 974,0.865510639
Chr,Loci 975,0.936883952
Chr,Loci 976,0.322156794
Chr,Loci 977,0.164035046
Chr,Loci 978,0.194285633
Chr,Loci 979,0.00275595
Chr,Loci 980,0.075082126
Chr,Loci 981,0.620589158
Chr,Loci 982,0.915396667
Chr,Loci 983,0.759898272
Chr,Loci 984,0.317627226
Chr,Loci 985,0.084919199
Chr,Loci 986,0.299924514
Chr,Loci 987,0.228427478
Chr,Loci 988,0.905599445
Chr,Loci 989,0.998772889
Chr,Loci 990,0.664898603
Chr,Loci 991,0.557530626
Chr,Loci 992,0.924721535
Chr,Loci 993,0.270076264
Chr,Loci 994,0.92002356
Chr,Loci 995,0.899085105
Chr,Loci 996,0.114950872
Chr,Loci 997,0.309995692
Chr,Loci 998,0.202510147
Chr,Loci 999,0.269441193
Chr,Loci 1000,0.098519396
Chr,Loci 1001,0.850607873
Chr,Loci 1002,0.108815146
Chr,Loci 1003,0.582874197
Chr,Loci 1004,0.975715282
Chr,Loci 1005,0.85172436
Chr,Loci 1006,0.950323425
Chr,Loci 1007,0.348751653
Chr,Loci 1008,0.62366408
Chr,Loci 1009,0.904308695
Chr,Loci 1010,0.176059412
Chr,Loci 1011,0.787386136
Chr,Loci 1012,0.877476328
Chr,Loci 1013,0.810219994
Chr,Loci 1014,0.888527028
Chr,Loci 1015,0.065804513
Chr,Loci 1016,0.404774867
Chr,Loci 1017,0.827697443
Chr,Loci 1018,0.199525387
Chr,Loci 1019,0.207169688
Chr,Loci 1020,0.447500829
Chr,Loci 1021,0.383172278
Chr,Loci 1022,0.387865092
Chr,Loci 1023,0.289565743
Chr,Loci 1024,0.854931702
Chr,Loci 1025,0.418002873
Chr,Loci 1026,0.692380044
Chr,Loci 1027,0.19288369
Chr,Loci 1028,0.78841975
Chr,Loci 1029,0.125707429
Chr,Loci 1030,0.411296241
Chr,Loci 1031,0.814832922
Chr,Loci 1032,0.465786452
Chr,Loci 1033,0.796977329
Chr,Loci 1034,0.976216639
Chr,Loci 1035,0.764009167
Chr,Loci 1036,0.661997022
Chr,Loci 1037,0.850165501
Chr,Loci 1038,0.814751632
Chr,Loci 1039,0.261914034
Chr,Loci 1040,0.340580538
Chr,Loci 1041,0.458011933
Chr,Loci 1042,0.588843577
Chr,Loci 1043,0.069850116
Chr,Loci 1044,0.587477929
Chr,Loci 1045,0.657825663
Chr,Loci 1046,0.062794115
Chr,Loci 1047,0.759180003
Chr,Loci 1048,0.917549546
Chr,Loci 1049,0.290863185
Chr,Loci 1050,0.578379797
Chr,Loci 1051,0.353845262
Chr,Loci 1052,0.529758064
Chr,Loci 1053,0.44958669
Chr,Loci 1054,0.139416168
Chr,Loci 1055,0.621340776
Chr,Loci 1056,0.568163905
Chr,Loci 1057,0.760287126
Chr,Loci 1058,0.273533065
Chr,Loci 1059,0.327439247
Chr,Loci 1060,0.429125428
Chr,Loci 1061,0.146893682
Chr,Loci 1062,0.517607252
Chr,Loci 1063,0.883216166
Chr,Loci 1064,0.770095257
Chr,Loci 1065,0.067417697
Chr,Loci 1066,0.084816995
Chr,Loci 1067,0.994815523
Chr,Loci 1068,0.981881502
Chr,Loci 1069,0.249467313
Chr,Loci 1070,0.981084586
Chr,Loci 1071,0.301625605
Chr,Loci 1072,0.136220485
Chr,Loci 1073,0.734521283
Chr,Loci 1074,0.776287828
Chr,Loci 1075,0.407427927
Chr,Loci 1076,0.259874216
Chr,Loci 1077,0.907611257
Chr,Loci 1078,0.551749876
Chr,Loci 1079,0.23074474
Chr,Loci 1080,0.649043521
Chr,Loci 1081,0.469084275
Chr,Loci 1082,0.989077923
Chr,Loci 1083,0.5256092
Chr,Loci 1084,0.518578277
Chr,Loci 1085,0.108006444
Chr,Loci 1086,0.945116722
Chr,Loci 1087,0.7581823
Chr,Loci 1088,0.464967807
Chr,Loci 1089,0.393255162
Chr,Loci 1090,0.612908525
Chr,Loci 1091,0.037094493
Chr,Loci 1092,0.195457089
Chr,Loci 1093,0.032601983
Chr,Loci 1094,0.374237959
Chr,Loci 1095,0.471727709
Chr,Loci 1096,0.894512973
Chr,Loci 1097,0.440067065
Chr,Loci 1098,0.193299003
Chr,Loci 1099,0.399848146
Chr,Loci 1100,0.194838429
Chr,Loci 1101,0.172453988
Chr,Loci 1102,0.71493023
Chr,Loci 1103,0.774203232
Chr,Loci 1104,0.656823657
Chr,Loci 1105,0.483878979
Chr,Loci 1106,0.747709373
Chr,Loci 1107,0.610228004
Chr,Loci 1108,0.780613514
Chr,Loci 1109,0.348985381
Chr,Loci 1110,0.928856056
Chr,Loci 1111,0.849919216
Chr,Loci 1112,0.489886042
Chr,Loci 1113,0.319461367
Chr,Loci 1114,0.543321149
Chr,Loci 1115,0.972402036
Chr,Loci 1116,0.021214665
Chr,Loci 1117,0.355389362
Chr,Loci 1118,0.009526772
Chr,Loci 1119,0.126867215
Chr,Loci 1120,0.612479477
Chr,Loci 1121,0.248705779
Chr,Loci 1122,0.591672356
Chr,Loci 1123,0.592527216
Chr,Loci 1124,0.300487136
Chr,Loci 1125,0.400085475
Chr,Loci 1126,0.270161442
Chr,Loci 1127,0.002958561
Chr,Loci 1128,0.805239954
Chr,Loci 1129,0.269595155
Chr,Loci 1130,0.526021928
Chr,Loci 1131,0.138409573
Chr,Loci 1132,0.4870058
Chr,Loci 1133,0.992282625
Chr,Loci 1134,0.557157029
Chr,Loci 1135,0.146111554
Chr,Loci 1136,0.027140582
Chr,Loci 1137,0.158991334
Chr,Loci 1138,0.818625984
Chr,Loci 1139,0.777005197
Chr,Loci 1140,0.631997517
Chr,Loci 1141,0.09802679
Chr,Loci 1142,0.112595864
Chr,Loci 1143,0.716916339
Chr,Loci 1144,0.145825766
Chr,Loci 1145,0.169167932
Chr,Loci 1146,0.57344044
Chr,Loci 1147,0.875256551
Chr,Loci 1148,0.048263968
Chr,Loci 1149,0.474515457
Chr,Loci 1150,0.039302668
Chr,Loci 1151,0.921545321
Chr,Loci 1152,0.899799785
Chr,Loci 1153,0.006708858
Chr,Loci 1154,0.188672963
Chr,Loci 1155,0.973053823
Chr,Loci 1156,0.66930047
Chr,Loci 1157,0.067768856
Chr,Loci 1158,0.423272685
Chr,Loci 1159,0.706653951
Chr,Loci 1160,0.113129789
Chr,Loci 1161,0.010241116
Chr,Loci 1162,0.827418609
Chr,Loci 1163,0.218532525
Chr,Loci 1164,0.061737629
Chr,Loci 1165,0.291393802
Chr,Loci 1166,0.811409231
Chr,Loci 1167,0.623035719
Chr,Loci 1168,0.831608639
Chr,Loci 1169,0.003205374
Chr,Loci 1170,0.152045054
Chr,Loci 1171,0.924841693
Chr,Loci 1172,0.971069064
Chr,Loci 1173,0.490897248
Chr,Loci 1174,0.038069834
Chr,Loci 1175,0.316297932
Chr,Loci 1176,0.587318294
Chr,Loci 1177,0.920237525
Chr,Loci 1178,0.493256618
Chr,Loci 1179,0.956306166
Chr,Loci 1180,0.742077551
Chr,Loci 1181,0.845269679
Chr,Loci 1182,0.090418846
Chr,Loci 1183,0.682351511
Chr,Loci 1184,0.944803203
Chr,Loci 1185,0.45343372
Chr,Loci 1186,0.244639547
Chr,Loci 1187,0.96680085
Chr,Loci 1188,0.305058619
Chr,Loci 1189,0.966178637
Chr,Loci 1190,0.001560251
Chr,Loci 1191,0.356214349
Chr,Loci 1192,0.244897653
Chr,Loci 1193,0.937126342
Chr,Loci 1194,0.346407778
Chr,Loci 1195,0.226086996
Chr,Loci 1196,0.903192134
Chr,Loci 1197,0.066875388
Chr,Loci 1198,0.140007823
Chr,Loci 1199,0.798569903
Chr,Loci 1200,0.051972291
Chr,Loci 1201,0.129225274
Chr,Loci 1202,0.347559921
Chr,Loci 1203,0.472160716
Chr,Loci 1204,0.948667361
Chr,Loci 1205,0.901371672
Chr,Loci 1206,0.579813159
Chr,Loci 1207,0.248041511
Chr,Loci 1208,0.154051468
Chr,Loci 1209,0.177450221
Chr,Loci 1210,0.927471326
Chr,Loci 1211,0.163336458
Chr,Loci 1212,0.409507512
Chr,Loci 1213,0.297081919
Chr,Loci 1214,0.651167805
Chr,Loci 1215,0.399817028
Chr,Loci 1216,0.729775405
Chr,Loci 1217,0.54438034
Chr,Loci 1218,0.283789103
Chr,Loci 1219,0.615225828
Chr,Loci 1220,0.373058609
Chr,Loci 1221,0.816123145
Chr,Loci 1222,0.560066011
Chr,Loci 1223,0.751097795
Chr,Loci 1224,0.677213356
Chr,Loci 1225,0.965742271
Chr,Loci 1226,0.474406677
Chr,Loci 1227,0.928767599
Chr,Loci 1228,0.486363186
Chr,Loci 1229,0.480733317
Chr,Loci 1230,0.637364633
Chr,Loci 1231,0.348286553
Chr,Loci 1232,0.185075473
Chr,Loci 1233,0.020271488
Chr,Loci 1234,0.485971058
Chr,Loci 1235,0.958922176
Chr,Loci 1236,0.291599465
Chr,Loci 1237,0.117384952
Chr,Loci 1238,0.893900013
Chr,Loci 1239,0.113328127
Chr,Loci 1240,0.60826361
Chr,Loci 1241,0.314565071
Chr,Loci 1242,0.705597635
Chr,Loci 1243,0.632510346
Chr,Loci 1244,0.830004047
Chr,Loci 1245,0.185695073
Chr,Loci 1246,0.42522733
Chr,Loci 1247,0.096931495
Chr,Loci 1248,0.680740941
Chr,Loci 1249,0.881060114
Chr,Loci 1250,0.582050909
Chr,Loci 1251,0.407513433
Chr,Loci 1252,0.164118391
Chr,Loci 1253,0.814044692
Chr,Loci 1254,0.676725805
Chr,Loci 1255,0.582206592
Chr,Loci 1256,0.02372426
Chr,Loci 1257,0.37472683
Chr,Loci 1258,0.290250652
Chr,Loci 1259,0.366391451
Chr,Loci 1260,0.485482446
Chr,Loci 1261,0.350005845
Chr,Loci 1262,0.066718339
Chr,Loci 1263,0.04019583
Chr,Loci 1264,0.022468641
Chr,Loci 1265,0.390359203
Chr,Loci 1266,0.015464511
Chr,Loci 1267,0.226381093
Chr,Loci 1268,0.27620459
Chr,Loci 1269,0.492856184
Chr,Loci 1270,0.752980569
Chr,Loci 1271,0.405637038
Chr,Loci 1272,0.819286028
Chr,Loci 1273,0.774950837
Chr,Loci 1274,0.911953021
Chr,Loci 1275,0.324575689
Chr,Loci 1276,0.55120916
Chr,Loci 1277,0.71086435
Chr,Loci 1278,0.832211786
Chr,Loci 1279,0.108376115
Chr,Loci 1280,0.432154435
Chr,Loci 1281,0.582154895
Chr,Loci 1282,0.046733322
Chr,Loci 1283,0.794971918
Chr,Loci 1284,0.108730347
Chr,Loci 1285,0.729379323
Chr,Loci 1286,0.757151373
Chr,Loci 1287,0.480057167
Chr,Loci 1288,0.001531863
Chr,Loci 1289,0.945295922
Chr,Loci 1290,0.087576476
Chr,Loci 1291,0.792859334
Chr,Loci 1292,0.249724331
Chr,Loci 1293,0.077767134
Chr,Loci 1294,0.626935549
Chr,Loci 1295,0.546633468
Chr,Loci 1296,0.041464698
Chr,Loci 1297,0.376525589
Chr,Loci 1298,0.14443827
Chr,Loci 1299,0.800271012
Chr,Loci 1300,0.320841486
Chr,Loci 1301,0.45878221
Chr,Loci 1302,0.645620072
Chr,Loci 1303,0.489223666
Chr,Loci 1304,0.016865119
Chr,Loci 1305,0.172779909
Chr,Loci 1306,0.859530202
Chr,Loci 1307,0.511605955
Chr,Loci 1308,0.036672803
Chr,Loci 1309,0.299744089
Chr,Loci 1310,0.460152916
Chr,Loci 1311,0.791824079
Chr,Loci 1312,0.141095084
Chr,Loci 1313,0.793603136
Chr,Loci 1314,0.340497753
Chr,Loci 1315,0.762160247
Chr,Loci 1316,0.651457147
Chr,Loci 1317,0.874144814
Chr,Loci 1318,0.825060988
Chr,Loci 1319,0.319838379
Chr,Loci 1320,0.129466555
Chr,Loci 1321,0.479686343
Chr,Loci 1322,0.664234166
Chr,Loci 1323,0.440840285
Chr,Loci 1324,0.346998911
Chr,Loci 1325,0.10402657
Chr,Loci 1326,0.803347316
Chr,Loci 1327,0.091694712
Chr,Loci 1328,0.243674166
Chr,Loci 1329,0.642791067
Chr,Loci 1330,0.266627311
Chr,Loci 1331,0.485294197
Chr,Loci 1332,0.109860149
Chr,Loci 1333,0.848356775
Chr,Loci 1334,0.755507959
Chr,Loci 1335,0.473915942
Chr,Loci 1336,0.261390487
Chr,Loci 1337,0.432652322
Chr,Loci 1338,0.402008672
Chr,Loci 1339,0.732189276
Chr,Loci 1340,0.076478725
Chr,Loci 1341,0.599465665
Chr,Loci 1342,0.803894969
Chr,Loci 1343,0.496410355
Chr,Loci 1344,0.047729407
Chr,Loci 1345,0.944733962
Chr,Loci 1346,0.648421434
Chr,Loci 1347,0.439291898
Chr,Loci 1348,0.698489052
Chr,Loci 1349,0.486705601
Chr,Loci 1350,0.805398766
